{"cameraMode":{"drawMode":0,"name":"Shaded","section":"Shading Mode"},"sceneLighting":false,"audioPlay":false,"sceneViewState":{"m_AlwaysRefresh":false,"showFog":true,"showSkybox":false,"showFlares":true,"showImageEffects":true,"showParticleSystems":true,"showVisualEffectGraphs":true,"m_FxEnabled":true},"in2DMode":false,"pivot":{"x":0.010465513914823532,"y":-0.009416535496711731,"z":0.09381929039955139},"rotation":{"x":-0.08209626376628876,"y":0.01043748389929533,"z":0.0010670694755390287,"w":0.9966443181037903},"size":0.11870183795690537,"orthographic":false}