{"cameraMode":{"drawMode":0,"name":"Shaded","section":"Shading Mode"},"sceneLighting":false,"audioPlay":false,"sceneViewState":{"m_AlwaysRefresh":false,"showFog":true,"showSkybox":false,"showFlares":true,"showImageEffects":true,"showParticleSystems":true,"showVisualEffectGraphs":true,"m_FxEnabled":true},"in2DMode":false,"pivot":{"x":0.12677326798439027,"y":0.9070000052452087,"z":0.3458999991416931},"rotation":{"x":0.10099796950817108,"y":0.4825780987739563,"z":-0.056140001863241199,"w":0.8682076334953308},"size":0.10470734536647797,"orthographic":false}